order_id,restaurant_name,location,pizza_size,pizza_type,traffic_level,distance_km,order_hour,true_is_delayed,delayed_probability,delay_risk_score,priority,recommended_action,model_probability_score,traffic_pressure_score,distance_pressure_score,peak_pressure_score,complexity_pressure_score,weekend_pressure_score,model_probability_contribution,traffic_pressure_contribution,distance_pressure_contribution,peak_pressure_contribution,complexity_pressure_contribution,weekend_pressure_contribution
ORD271,Marco's Pizza,"Miami, FL",Large,Non-Veg,High,10.0,19,True,0.9999,96.4,High,"Escalate to dispatch lead, prepare backup driver, and notify customer support before the promised delivery window is missed.",99.9894,100.0,100.0,100.0,60.0,70.0,54.9942,15.0,12.0,8.0,3.6,2.8
ORD361,Marco's Pizza,"Boston, MA",Large,Non-Veg,High,10.0,19,True,0.9999,96.4,High,"Escalate to dispatch lead, prepare backup driver, and notify customer support before the promised delivery window is missed.",99.9936,100.0,100.0,100.0,60.0,70.0,54.9965,15.0,12.0,8.0,3.6,2.8
ORD581,Domino's,"Austin, TX",Large,Non-Veg,High,10.0,19,True,1.0,96.4,High,"Escalate to dispatch lead, prepare backup driver, and notify customer support before the promised delivery window is missed.",99.9994,100.0,100.0,100.0,60.0,70.0,54.9997,15.0,12.0,8.0,3.6,2.8
ORD128,Pizza Hut,"Los Angeles, CA",XL,Cheese Burst,High,8.0,20,True,0.9978,96.3,High,"Escalate to dispatch lead, prepare backup driver, and notify customer support before the promised delivery window is missed.",99.7794,100.0,80.0,100.0,100.0,70.0,54.8787,15.0,9.6,8.0,6.0,2.8
ORD539,Little Caesars,"Garland, TX",XL,Cheese Burst,High,8.0,20,True,0.9956,96.2,High,"Escalate to dispatch lead, prepare backup driver, and notify customer support before the promised delivery window is missed.",99.5615,100.0,80.0,100.0,100.0,70.0,54.7588,15.0,9.6,8.0,6.0,2.8
ORD609,Little Caesars,"Dallas, TX",XL,Cheese Burst,High,8.0,20,True,0.9958,96.2,High,"Escalate to dispatch lead, prepare backup driver, and notify customer support before the promised delivery window is missed.",99.5785,100.0,80.0,100.0,100.0,70.0,54.7682,15.0,9.6,8.0,6.0,2.8
ORD417,Pizza Hut,"Los Angeles, CA",XL,Cheese Burst,High,8.0,20,True,0.9944,96.1,High,"Escalate to dispatch lead, prepare backup driver, and notify customer support before the promised delivery window is missed.",99.439,100.0,80.0,100.0,100.0,70.0,54.6915,15.0,9.6,8.0,6.0,2.8
ORD319,Pizza Hut,"San Diego, CA",XL,Cheese Burst,High,8.0,20,True,0.9911,95.9,High,"Escalate to dispatch lead, prepare backup driver, and notify customer support before the promised delivery window is missed.",99.1071,100.0,80.0,100.0,100.0,70.0,54.5089,15.0,9.6,8.0,6.0,2.8
ORD574,Little Caesars,"Houston, TX",XL,Cheese Burst,High,8.0,19,True,0.988,95.7,High,"Escalate to dispatch lead, prepare backup driver, and notify customer support before the promised delivery window is missed.",98.8039,100.0,80.0,100.0,100.0,70.0,54.3422,15.0,9.6,8.0,6.0,2.8
ORD564,Domino's,"Baltimore, MD",Large,Non-Veg,High,10.0,19,True,1.0,95.2,High,"Escalate to dispatch lead, prepare backup driver, and notify customer support before the promised delivery window is missed.",99.9991,100.0,100.0,100.0,60.0,40.0,54.9995,15.0,12.0,8.0,3.6,1.6
ORD531,Domino's,"Fort Wayne, IN",Large,Non-Veg,High,10.0,19,True,1.0,95.2,High,"Escalate to dispatch lead, prepare backup driver, and notify customer support before the promised delivery window is missed.",99.9984,100.0,100.0,100.0,60.0,40.0,54.9991,15.0,12.0,8.0,3.6,1.6
ORD457,Pizza Hut,"Seattle, WA",Large,Non-Veg,High,10.0,19,True,0.9999,95.2,High,"Escalate to dispatch lead, prepare backup driver, and notify customer support before the promised delivery window is missed.",99.9885,100.0,100.0,100.0,60.0,40.0,54.9937,15.0,12.0,8.0,3.6,1.6
ORD140,Marco's Pizza,"Fort Worth, TX",Large,Non-Veg,High,10.0,19,True,1.0,95.2,High,"Escalate to dispatch lead, prepare backup driver, and notify customer support before the promised delivery window is missed.",99.9976,100.0,100.0,100.0,60.0,40.0,54.9987,15.0,12.0,8.0,3.6,1.6
ORD599,Little Caesars,"Atlanta, GA",XL,Cheese Burst,High,8.0,20,True,0.9948,94.9,High,"Escalate to dispatch lead, prepare backup driver, and notify customer support before the promised delivery window is missed.",99.4808,100.0,80.0,100.0,100.0,40.0,54.7145,15.0,9.6,8.0,6.0,1.6
ORD442,Pizza Hut,"Indianapolis, IN",XL,Stuffed Crust,High,7.5,19,True,0.9796,94.7,High,"Escalate to dispatch lead, prepare backup driver, and notify customer support before the promised delivery window is missed.",97.9553,100.0,75.0,100.0,100.0,70.0,53.8754,15.0,9.0,8.0,6.0,2.8
ORD624,Little Caesars,"Nashville, TN",XL,Stuffed Crust,High,7.5,19,True,0.9795,94.7,High,"Escalate to dispatch lead, prepare backup driver, and notify customer support before the promised delivery window is missed.",97.9527,100.0,75.0,100.0,100.0,70.0,53.874,15.0,9.0,8.0,6.0,2.8
ORD501,Little Caesars,"Wichita, KS",XL,Cheese Burst,High,8.0,20,True,0.9913,94.7,High,"Escalate to dispatch lead, prepare backup driver, and notify customer support before the promised delivery window is missed.",99.1253,100.0,80.0,100.0,100.0,40.0,54.5189,15.0,9.6,8.0,6.0,1.6
ORD391,Pizza Hut,"Los Angeles, CA",XL,Cheese Burst,High,8.0,20,True,0.9878,94.5,High,"Escalate to dispatch lead, prepare backup driver, and notify customer support before the promised delivery window is missed.",98.7836,100.0,80.0,100.0,100.0,40.0,54.331,15.0,9.6,8.0,6.0,1.6
ORD359,Pizza Hut,"Memphis, TN",XL,Cheese Burst,High,8.0,20,True,0.9855,94.4,High,"Escalate to dispatch lead, prepare backup driver, and notify customer support before the promised delivery window is missed.",98.5464,100.0,80.0,100.0,100.0,40.0,54.2005,15.0,9.6,8.0,6.0,1.6
ORD269,Pizza Hut,"Seattle, WA",XL,Cheese Burst,High,8.0,20,True,0.984,94.3,High,"Escalate to dispatch lead, prepare backup driver, and notify customer support before the promised delivery window is missed.",98.3971,100.0,80.0,100.0,100.0,40.0,54.1184,15.0,9.6,8.0,6.0,1.6
ORD586,Domino's,"San Francisco, CA",Large,Veg,High,9.0,20,True,1.0,94.0,High,"Escalate to dispatch lead, prepare backup driver, and notify customer support before the promised delivery window is missed.",99.9979,100.0,90.0,100.0,60.0,40.0,54.9988,15.0,10.8,8.0,3.6,1.6
ORD508,Domino's,"Lexington, KY",Large,Veg,High,9.0,20,True,0.9999,94.0,High,"Escalate to dispatch lead, prepare backup driver, and notify customer support before the promised delivery window is missed.",99.9934,100.0,90.0,100.0,60.0,40.0,54.9964,15.0,10.8,8.0,3.6,1.6
ORD408,Marco's Pizza,"Charlotte, NC",Large,Veg,High,9.0,20,True,0.9997,94.0,High,"Escalate to dispatch lead, prepare backup driver, and notify customer support before the promised delivery window is missed.",99.9696,100.0,90.0,100.0,60.0,40.0,54.9833,15.0,10.8,8.0,3.6,1.6
ORD354,Pizza Hut,"Indianapolis, IN",XL,Cheese Burst,High,7.5,19,True,0.9621,93.7,High,"Escalate to dispatch lead, prepare backup driver, and notify customer support before the promised delivery window is missed.",96.2125,100.0,75.0,100.0,100.0,70.0,52.9169,15.0,9.0,8.0,6.0,2.8
ORD432,Pizza Hut,"Boston, MA",XL,Stuffed Crust,High,7.5,19,True,0.9645,92.6,High,"Escalate to dispatch lead, prepare backup driver, and notify customer support before the promised delivery window is missed.",96.4506,100.0,75.0,100.0,100.0,40.0,53.0478,15.0,9.0,8.0,6.0,1.6
ORD594,Little Caesars,"Nashville, TN",XL,Stuffed Crust,High,7.5,19,True,0.9568,92.2,High,"Escalate to dispatch lead, prepare backup driver, and notify customer support before the promised delivery window is missed.",95.6767,100.0,75.0,100.0,100.0,40.0,52.6222,15.0,9.0,8.0,6.0,1.6
ORD468,Little Caesars,"San Diego, CA",XL,Stuffed Crust,High,7.5,19,True,0.9508,91.9,High,"Escalate to dispatch lead, prepare backup driver, and notify customer support before the promised delivery window is missed.",95.0812,100.0,75.0,100.0,100.0,40.0,52.2947,15.0,9.0,8.0,6.0,1.6
ORD488,Little Caesars,"Fresno, CA",XL,Cheese Burst,High,7.5,19,True,0.9446,91.6,High,"Escalate to dispatch lead, prepare backup driver, and notify customer support before the promised delivery window is missed.",94.4599,100.0,75.0,100.0,100.0,40.0,51.953,15.0,9.0,8.0,6.0,1.6
ORD174,Pizza Hut,"Los Angeles, CA",XL,Cheese Burst,High,6.5,19,False,0.8734,87.6,High,"Escalate to dispatch lead, prepare backup driver, and notify customer support before the promised delivery window is missed.",87.3421,100.0,65.0,100.0,100.0,70.0,48.0382,15.0,7.8,8.0,6.0,2.8
ORD642,Little Caesars,"Denver, CO",XL,Vegan,High,7.0,19,True,0.8868,84.2,High,"Escalate to dispatch lead, prepare backup driver, and notify customer support before the promised delivery window is missed.",88.6762,100.0,70.0,100.0,40.0,40.0,48.7719,15.0,8.4,8.0,2.4,1.6
ORD458,Domino's,"Miami, FL",Medium,Gluten-Free,Medium,5.5,20,True,0.9613,79.9,High,"Escalate to dispatch lead, prepare backup driver, and notify customer support before the promised delivery window is missed.",96.1251,60.0,55.0,100.0,30.0,40.0,52.8688,9.0,6.6,8.0,1.8,1.6
ORD394,Domino's,"Miami, FL",Medium,Gluten-Free,Medium,5.5,20,True,0.9462,79.0,High,"Escalate to dispatch lead, prepare backup driver, and notify customer support before the promised delivery window is missed.",94.6223,60.0,55.0,100.0,30.0,40.0,52.0423,9.0,6.6,8.0,1.8,1.6
ORD153,Papa John's,"Chicago, IL",Medium,Non-Veg,Low,7.2,20,True,0.9797,78.1,High,"Escalate to dispatch lead, prepare backup driver, and notify customer support before the promised delivery window is missed.",97.9656,20.0,72.0,100.0,30.0,70.0,53.8811,3.0,8.64,8.0,1.8,2.8
ORD404,Domino's,"Columbus, OH",Medium,Veg,Medium,5.5,20,True,0.9053,78.0,High,"Escalate to dispatch lead, prepare backup driver, and notify customer support before the promised delivery window is missed.",90.5345,60.0,55.0,100.0,30.0,70.0,49.794,9.0,6.6,8.0,1.8,2.8
ORD312,Domino's,"Miami, FL",Medium,Veg,Medium,5.5,20,True,0.8844,76.8,High,"Escalate to dispatch lead, prepare backup driver, and notify customer support before the promised delivery window is missed.",88.4424,60.0,55.0,100.0,30.0,70.0,48.6433,9.0,6.6,8.0,1.8,2.8
ORD622,Papa John's,"El Paso, TX",Medium,Gluten-Free,Medium,5.5,20,True,0.8964,76.3,High,"Escalate to dispatch lead, prepare backup driver, and notify customer support before the promised delivery window is missed.",89.6367,60.0,55.0,100.0,30.0,40.0,49.3002,9.0,6.6,8.0,1.8,1.6
ORD522,Papa John's,"Madison, WI",Medium,Gluten-Free,Medium,5.5,20,True,0.8369,73.0,High,"Escalate to dispatch lead, prepare backup driver, and notify customer support before the promised delivery window is missed.",83.686,60.0,55.0,100.0,30.0,40.0,46.0273,9.0,6.6,8.0,1.8,1.6
ORD514,Papa John's,"St. Paul, MN",Medium,Gluten-Free,Medium,5.5,20,True,0.8369,73.0,High,"Escalate to dispatch lead, prepare backup driver, and notify customer support before the promised delivery window is missed.",83.686,60.0,55.0,100.0,30.0,40.0,46.0273,9.0,6.6,8.0,1.8,1.6
ORD131,Domino's,"Miami, FL",Medium,Veg,Medium,5.5,20,True,0.8259,72.4,High,"Escalate to dispatch lead, prepare backup driver, and notify customer support before the promised delivery window is missed.",82.5857,60.0,55.0,100.0,30.0,40.0,45.4221,9.0,6.6,8.0,1.8,1.6
ORD151,Domino's,"New York, NY",Large,Veg,High,5.5,18,False,0.6755,71.9,High,"Escalate to dispatch lead, prepare backup driver, and notify customer support before the promised delivery window is missed.",67.5451,100.0,55.0,100.0,60.0,40.0,37.1498,15.0,6.6,8.0,3.6,1.6
ORD657,Papa John's,"Baltimore, MD",Medium,Gluten-Free,Medium,5.0,20,False,0.8262,71.8,High,"Escalate to dispatch lead, prepare backup driver, and notify customer support before the promised delivery window is missed.",82.6195,60.0,50.0,100.0,30.0,40.0,45.4407,9.0,6.0,8.0,1.8,1.6
ORD352,Domino's,"Columbus, OH",Medium,Veg,Medium,5.5,20,True,0.7775,69.8,High,"Escalate to dispatch lead, prepare backup driver, and notify customer support before the promised delivery window is missed.",77.7498,60.0,55.0,100.0,30.0,40.0,42.7624,9.0,6.6,8.0,1.8,1.6
ORD161,Domino's,"Denver, CO",Large,Veg,Medium,6.0,18,False,0.7269,69.7,High,"Escalate to dispatch lead, prepare backup driver, and notify customer support before the promised delivery window is missed.",72.6944,60.0,60.0,100.0,45.0,70.0,39.9819,9.0,7.2,8.0,2.7,2.8
ORD686,Domino's,"Portland, OR",Large,Sicilian,Medium,5.5,20,False,0.6554,66.0,High,"Escalate to dispatch lead, prepare backup driver, and notify customer support before the promised delivery window is missed.",65.5448,60.0,55.0,100.0,60.0,70.0,36.0496,9.0,6.6,8.0,3.6,2.8
ORD368,Domino's,"Miami, FL",Medium,Veg,Medium,5.5,20,True,0.6416,63.5,Medium,Monitor driver assignment and traffic conditions; send proactive customer update if ETA worsens.,64.1596,60.0,55.0,100.0,30.0,70.0,35.2878,9.0,6.6,8.0,1.8,2.8
ORD490,Domino's,"Kansas City, MO",Large,Deep Dish,Medium,6.0,19,False,0.587,62.9,Medium,Monitor driver assignment and traffic conditions; send proactive customer update if ETA worsens.,58.696,60.0,60.0,100.0,60.0,70.0,32.2828,9.0,7.2,8.0,3.6,2.8
ORD204,Pizza Hut,"Houston, TX",XL,Cheese Burst,High,6.0,19,False,0.4428,62.2,Medium,Monitor driver assignment and traffic conditions; send proactive customer update if ETA worsens.,44.2801,100.0,60.0,100.0,100.0,40.0,24.3541,15.0,7.2,8.0,6.0,1.6
ORD166,Domino's,"Miami, FL",Large,Veg,Medium,6.0,18,False,0.5441,58.4,Medium,Monitor driver assignment and traffic conditions; send proactive customer update if ETA worsens.,54.4129,60.0,60.0,100.0,45.0,40.0,29.9271,9.0,7.2,8.0,2.7,1.6
ORD230,Domino's,"New York, NY",Large,Veg,High,5.0,18,True,0.4392,57.5,Medium,Monitor driver assignment and traffic conditions; send proactive customer update if ETA worsens.,43.915,100.0,50.0,100.0,45.0,40.0,24.1533,15.0,6.0,8.0,2.7,1.6
ORD342,Domino's,"Miami, FL",Medium,Veg,Medium,5.5,20,True,0.5487,57.2,Medium,Monitor driver assignment and traffic conditions; send proactive customer update if ETA worsens.,54.8658,60.0,55.0,100.0,30.0,40.0,30.1762,9.0,6.6,8.0,1.8,1.6
ORD257,Domino's,"San Francisco, CA",Large,Veg,High,5.0,18,False,0.3799,54.2,Medium,Monitor driver assignment and traffic conditions; send proactive customer update if ETA worsens.,37.9925,100.0,50.0,100.0,45.0,40.0,20.8959,15.0,6.0,8.0,2.7,1.6
ORD708,Papa John's,"Omaha, NE",Medium,Gluten-Free,Medium,5.0,20,False,0.4763,53.8,Medium,Monitor driver assignment and traffic conditions; send proactive customer update if ETA worsens.,47.6269,60.0,50.0,100.0,30.0,70.0,26.1948,9.0,6.0,8.0,1.8,2.8
ORD989,Little Caesars,"Louisville, KY",XL,Cheese Burst,High,6.0,19,False,0.2327,51.8,Medium,Monitor driver assignment and traffic conditions; send proactive customer update if ETA worsens.,23.2711,100.0,60.0,100.0,100.0,70.0,12.7991,15.0,7.2,8.0,6.0,2.8
ORD933,Little Caesars,"Louisville, KY",XL,Cheese Burst,High,6.0,19,False,0.1946,49.7,Medium,Monitor driver assignment and traffic conditions; send proactive customer update if ETA worsens.,19.4572,100.0,60.0,100.0,100.0,70.0,10.7014,15.0,7.2,8.0,6.0,2.8
ORD999,Little Caesars,"Louisville, KY",XL,Cheese Burst,High,6.0,19,False,0.1905,48.3,Medium,Monitor driver assignment and traffic conditions; send proactive customer update if ETA worsens.,19.053,100.0,60.0,100.0,100.0,40.0,10.4792,15.0,7.2,8.0,6.0,1.6
ORD278,Domino's,"New York, NY",Large,Veg,High,5.0,18,False,0.2423,47.8,Medium,Monitor driver assignment and traffic conditions; send proactive customer update if ETA worsens.,24.2297,100.0,50.0,100.0,45.0,70.0,13.3263,15.0,6.0,8.0,2.7,2.8
ORD984,Little Caesars,"Louisville, KY",XL,Cheese Burst,High,6.0,19,False,0.1582,46.5,Medium,Monitor driver assignment and traffic conditions; send proactive customer update if ETA worsens.,15.8221,100.0,60.0,100.0,100.0,40.0,8.7022,15.0,7.2,8.0,6.0,1.6
ORD096,Domino's,"Los Angeles, CA",Large,Veg,High,4.5,18,False,0.2117,46.4,Medium,Monitor driver assignment and traffic conditions; send proactive customer update if ETA worsens.,21.1716,100.0,45.0,100.0,60.0,70.0,11.6444,15.0,5.4,8.0,3.6,2.8
ORD703,Papa John's,"Omaha, NE",Medium,Gluten-Free,Medium,5.0,20,False,0.3604,46.2,Medium,Monitor driver assignment and traffic conditions; send proactive customer update if ETA worsens.,36.044,60.0,50.0,100.0,30.0,40.0,19.8242,9.0,6.0,8.0,1.8,1.6
ORD928,Little Caesars,"Louisville, KY",XL,Cheese Burst,High,6.0,19,False,0.1302,45.0,Medium,Monitor driver assignment and traffic conditions; send proactive customer update if ETA worsens.,13.0218,100.0,60.0,100.0,100.0,40.0,7.162,15.0,7.2,8.0,6.0,1.6
ORD938,Little Caesars,"Louisville, KY",XL,Cheese Burst,High,6.0,19,False,0.123,44.6,Medium,Monitor driver assignment and traffic conditions; send proactive customer update if ETA worsens.,12.3027,100.0,60.0,100.0,100.0,40.0,6.7665,15.0,7.2,8.0,6.0,1.6
ORD714,Little Caesars,"Louisville, KY",XL,Cheese Burst,High,6.0,19,False,0.0997,44.5,Medium,Monitor driver assignment and traffic conditions; send proactive customer update if ETA worsens.,9.9682,100.0,60.0,100.0,100.0,70.0,5.4825,15.0,7.2,8.0,6.0,2.8
ORD002,Papa John's,"Los Angeles, CA",Large,Non-Veg,High,5.0,20,False,0.179,44.0,Medium,Monitor driver assignment and traffic conditions; send proactive customer update if ETA worsens.,17.9034,100.0,50.0,100.0,60.0,40.0,9.8468,15.0,6.0,8.0,3.6,1.6
ORD859,Little Caesars,"Louisville, KY",XL,Cheese Burst,High,6.0,19,False,0.1075,43.7,Medium,Monitor driver assignment and traffic conditions; send proactive customer update if ETA worsens.,10.7476,100.0,60.0,100.0,100.0,40.0,5.9112,15.0,7.2,8.0,6.0,1.6
ORD867,Little Caesars,"Louisville, KY",XL,Cheese Burst,High,6.0,19,False,0.1075,43.7,Medium,Monitor driver assignment and traffic conditions; send proactive customer update if ETA worsens.,10.7476,100.0,60.0,100.0,100.0,40.0,5.9112,15.0,7.2,8.0,6.0,1.6
ORD839,Little Caesars,"Louisville, KY",XL,Cheese Burst,High,6.0,19,False,0.1008,43.3,Medium,Monitor driver assignment and traffic conditions; send proactive customer update if ETA worsens.,10.0822,100.0,60.0,100.0,100.0,40.0,5.5452,15.0,7.2,8.0,6.0,1.6
ORD816,Little Caesars,"Louisville, KY",XL,Cheese Burst,High,6.0,19,False,0.096,43.1,Medium,Monitor driver assignment and traffic conditions; send proactive customer update if ETA worsens.,9.6028,100.0,60.0,100.0,100.0,40.0,5.2815,15.0,7.2,8.0,6.0,1.6
ORD293,Domino's,"Miami, FL",Large,Veg,High,5.0,18,False,0.1574,42.9,Medium,Monitor driver assignment and traffic conditions; send proactive customer update if ETA worsens.,15.7443,100.0,50.0,100.0,60.0,40.0,8.6594,15.0,6.0,8.0,3.6,1.6
ORD561,Pizza Hut,"Jacksonville, FL",Large,Non-Veg,Medium,6.0,19,False,0.2082,42.1,Medium,Monitor driver assignment and traffic conditions; send proactive customer update if ETA worsens.,20.8194,60.0,60.0,100.0,60.0,70.0,11.4507,9.0,7.2,8.0,3.6,2.8
ORD775,Little Caesars,"Louisville, KY",XL,Cheese Burst,High,6.0,19,False,0.0728,41.8,Medium,Monitor driver assignment and traffic conditions; send proactive customer update if ETA worsens.,7.281,100.0,60.0,100.0,100.0,40.0,4.0045,15.0,7.2,8.0,6.0,1.6
ORD704,Little Caesars,"Louisville, KY",XL,Cheese Burst,High,6.0,19,False,0.0642,41.3,Medium,Monitor driver assignment and traffic conditions; send proactive customer update if ETA worsens.,6.4211,100.0,60.0,100.0,100.0,40.0,3.5316,15.0,7.2,8.0,6.0,1.6
ORD181,Domino's,"Miami, FL",Large,Veg,High,4.5,18,False,0.137,41.1,Medium,Monitor driver assignment and traffic conditions; send proactive customer update if ETA worsens.,13.7032,100.0,45.0,100.0,60.0,40.0,7.5368,15.0,5.4,8.0,3.6,1.6
ORD009,Pizza Hut,"Miami, FL",XL,Cheese Burst,High,5.0,19,False,0.0376,38.7,Medium,Monitor driver assignment and traffic conditions; send proactive customer update if ETA worsens.,3.7645,100.0,50.0,100.0,100.0,40.0,2.0705,15.0,6.0,8.0,6.0,1.6
ORD736,Papa John's,"Omaha, NE",Medium,Gluten-Free,Medium,5.0,18,False,0.1895,38.0,Medium,Monitor driver assignment and traffic conditions; send proactive customer update if ETA worsens.,18.9468,60.0,50.0,100.0,30.0,70.0,10.4207,9.0,6.0,8.0,1.8,2.8
ORD673,Papa John's,"Columbus, OH",Medium,Gluten-Free,Low,3.5,20,False,0.3216,37.5,Medium,Monitor driver assignment and traffic conditions; send proactive customer update if ETA worsens.,32.1648,20.0,35.0,100.0,30.0,70.0,17.6906,3.0,4.2,8.0,1.8,2.8
ORD049,Pizza Hut,"Phoenix, AZ",XL,Cheese Burst,High,4.5,20,False,0.0266,37.5,Medium,Monitor driver assignment and traffic conditions; send proactive customer update if ETA worsens.,2.6641,100.0,45.0,100.0,100.0,40.0,1.4653,15.0,5.4,8.0,6.0,1.6
ORD247,Pizza Hut,"Dallas, TX",XL,Cheese Burst,High,4.0,19,False,0.0143,37.4,Medium,Monitor driver assignment and traffic conditions; send proactive customer update if ETA worsens.,1.4335,100.0,40.0,100.0,100.0,70.0,0.7884,15.0,4.8,8.0,6.0,2.8
ORD953,Domino's,"Albuquerque, NM",Large,Sicilian,Medium,5.5,19,False,0.1205,36.6,Medium,Monitor driver assignment and traffic conditions; send proactive customer update if ETA worsens.,12.0508,60.0,55.0,100.0,60.0,70.0,6.6279,9.0,6.6,8.0,3.6,2.8
ORD618,Pizza Hut,"Seattle, WA",Large,Non-Veg,Medium,6.0,19,False,0.1252,36.3,Medium,Monitor driver assignment and traffic conditions; send proactive customer update if ETA worsens.,12.5229,60.0,60.0,100.0,60.0,40.0,6.8876,9.0,7.2,8.0,3.6,1.6
ORD209,Pizza Hut,"Dallas, TX",XL,Cheese Burst,High,4.0,19,False,0.0079,35.8,Medium,Monitor driver assignment and traffic conditions; send proactive customer update if ETA worsens.,0.7863,100.0,40.0,100.0,100.0,40.0,0.4325,15.0,4.8,8.0,6.0,1.6
ORD538,Pizza Hut,"Lubbock, TX",Large,Non-Veg,Medium,6.0,19,False,0.1119,35.6,Medium,Monitor driver assignment and traffic conditions; send proactive customer update if ETA worsens.,11.1943,60.0,60.0,100.0,60.0,40.0,6.1569,9.0,7.2,8.0,3.6,1.6
ORD828,Domino's,"Albuquerque, NM",Large,Sicilian,Medium,5.5,19,False,0.0987,35.4,Medium,Monitor driver assignment and traffic conditions; send proactive customer update if ETA worsens.,9.8706,60.0,55.0,100.0,60.0,70.0,5.4289,9.0,6.6,8.0,3.6,2.8
ORD841,Domino's,"Albuquerque, NM",Large,Sicilian,Medium,5.5,19,False,0.0987,35.4,Medium,Monitor driver assignment and traffic conditions; send proactive customer update if ETA worsens.,9.8706,60.0,55.0,100.0,60.0,70.0,5.4289,9.0,6.6,8.0,3.6,2.8
ORD578,Pizza Hut,"San Diego, CA",Large,Non-Veg,Medium,6.0,19,False,0.1081,35.3,Medium,Monitor driver assignment and traffic conditions; send proactive customer update if ETA worsens.,10.8145,60.0,60.0,100.0,60.0,40.0,5.948,9.0,7.2,8.0,3.6,1.6
ORD785,Domino's,"Albuquerque, NM",Large,Sicilian,Medium,5.5,19,False,0.094,35.2,Medium,Monitor driver assignment and traffic conditions; send proactive customer update if ETA worsens.,9.4002,60.0,55.0,100.0,60.0,70.0,5.1701,9.0,6.6,8.0,3.6,2.8
ORD884,Domino's,"Albuquerque, NM",Large,Sicilian,Medium,5.5,19,False,0.0873,34.8,Low,Keep in normal delivery queue.,8.733,60.0,55.0,100.0,60.0,70.0,4.8031,9.0,6.6,8.0,3.6,2.8
ORD046,Domino's,"Miami, FL",Large,Veg,High,4.0,18,False,0.0298,34.6,Low,Keep in normal queue but watch traffic because conditions are high.,2.985,100.0,40.0,100.0,60.0,40.0,1.6417,15.0,4.8,8.0,3.6,1.6
ORD500,Pizza Hut,"New Orleans, LA",Large,Non-Veg,Medium,6.0,19,False,0.0921,34.5,Low,Keep in normal delivery queue.,9.2066,60.0,60.0,100.0,60.0,40.0,5.0636,9.0,7.2,8.0,3.6,1.6
ORD086,Domino's,"Miami, FL",Large,Veg,High,4.0,18,False,0.0247,34.4,Low,Keep in normal queue but watch traffic because conditions are high.,2.4724,100.0,40.0,100.0,60.0,40.0,1.3598,15.0,4.8,8.0,3.6,1.6
ORD268,Papa John's,"Austin, TX",Large,Non-Veg,Medium,6.0,19,False,0.0866,34.2,Low,Keep in normal delivery queue.,8.6647,60.0,60.0,100.0,60.0,40.0,4.7656,9.0,7.2,8.0,3.6,1.6
ORD935,Domino's,"Albuquerque, NM",Large,Sicilian,Medium,5.5,19,False,0.0831,33.4,Low,Keep in normal delivery queue.,8.3093,60.0,55.0,100.0,60.0,40.0,4.5701,9.0,6.6,8.0,3.6,1.6
ORD930,Domino's,"Albuquerque, NM",Large,Sicilian,Medium,5.5,19,False,0.0831,33.4,Low,Keep in normal delivery queue.,8.3093,60.0,55.0,100.0,60.0,40.0,4.5701,9.0,6.6,8.0,3.6,1.6
ORD696,Domino's,"Mesa, AZ",Large,Sicilian,Medium,5.5,18,False,0.0785,33.1,Low,Keep in normal delivery queue.,7.8492,60.0,55.0,100.0,60.0,40.0,4.317,9.0,6.6,8.0,3.6,1.6
ORD680,Marco's Pizza,"Seattle, WA",Medium,Thai Chicken,Medium,4.5,19,False,0.1098,33.0,Low,Keep in normal delivery queue.,10.9801,60.0,45.0,100.0,30.0,70.0,6.0391,9.0,5.4,8.0,1.8,2.8
ORD006,Domino's,"New York, NY",Medium,Non-Veg,High,3.0,19,False,0.0231,32.5,Low,Keep in normal queue but watch traffic because conditions are high.,2.312,100.0,30.0,100.0,30.0,70.0,1.2716,15.0,3.6,8.0,1.8,2.8
ORD861,Domino's,"Albuquerque, NM",Large,Sicilian,Medium,5.5,19,False,0.0679,32.5,Low,Keep in normal delivery queue.,6.7938,60.0,55.0,100.0,60.0,40.0,3.7366,9.0,6.6,8.0,3.6,1.6
ORD028,Little Caesars,"Boston, MA",Medium,Non-Veg,High,3.5,18,False,0.0101,32.4,Low,Keep in normal queue but watch traffic because conditions are high.,1.0149,100.0,35.0,100.0,30.0,70.0,0.5582,15.0,4.2,8.0,1.8,2.8
ORD833,Domino's,"Albuquerque, NM",Large,Sicilian,Medium,5.5,19,False,0.0636,32.3,Low,Keep in normal delivery queue.,6.3558,60.0,55.0,100.0,60.0,40.0,3.4957,9.0,6.6,8.0,3.6,1.6
ORD879,Domino's,"Albuquerque, NM",Large,Sicilian,Medium,5.5,19,False,0.056,31.9,Low,Keep in normal delivery queue.,5.598,60.0,55.0,100.0,60.0,40.0,3.0789,9.0,6.6,8.0,3.6,1.6
ORD889,Domino's,"Albuquerque, NM",Large,Sicilian,Medium,5.5,19,False,0.056,31.9,Low,Keep in normal delivery queue.,5.598,60.0,55.0,100.0,60.0,40.0,3.0789,9.0,6.6,8.0,3.6,1.6
ORD716,Domino's,"Albuquerque, NM",Large,Sicilian,Medium,5.5,19,False,0.0399,31.0,Low,Keep in normal delivery queue.,3.9878,60.0,55.0,100.0,60.0,40.0,2.1933,9.0,6.6,8.0,3.6,1.6
ORD107,Papa John's,"Phoenix, AZ",Medium,Non-Veg,High,3.0,20,False,0.0089,30.5,Low,Keep in normal queue but watch traffic because conditions are high.,0.8878,100.0,30.0,100.0,30.0,40.0,0.4883,15.0,3.6,8.0,1.8,1.6
ORD037,Papa John's,"Phoenix, AZ",Medium,Non-Veg,High,3.0,20,False,0.0072,30.4,Low,Keep in normal queue but watch traffic because conditions are high.,0.7153,100.0,30.0,100.0,30.0,40.0,0.3934,15.0,3.6,8.0,1.8,1.6
ORD063,Little Caesars,"Dallas, TX",Medium,Non-Veg,High,3.0,18,False,0.001,30.1,Low,Keep in normal queue but watch traffic because conditions are high.,0.0983,100.0,30.0,100.0,30.0,40.0,0.054,15.0,3.6,8.0,1.8,1.6
ORD212,Papa John's,"Boston, MA",Small,Vegan,High,2.0,20,False,0.0199,29.9,Low,Keep in normal queue but watch traffic because conditions are high.,1.9876,100.0,20.0,100.0,10.0,70.0,1.0932,15.0,2.4,8.0,0.6,2.8
ORD239,Domino's,"Denver, CO",Large,Veg,Medium,4.5,18,False,0.0376,29.7,Low,Keep in normal delivery queue.,3.7626,60.0,45.0,100.0,60.0,40.0,2.0694,9.0,5.4,8.0,3.6,1.6
ORD177,Papa John's,"Boston, MA",Small,Vegan,High,2.0,20,False,0.0157,29.7,Low,Keep in normal queue but watch traffic because conditions are high.,1.5738,100.0,20.0,100.0,10.0,70.0,0.8656,15.0,2.4,8.0,0.6,2.8
ORD863,Papa John's,"Omaha, NE",Medium,BBQ Chicken,Medium,5.0,18,False,0.0313,29.3,Low,Keep in normal delivery queue.,3.1265,60.0,50.0,100.0,30.0,70.0,1.7196,9.0,6.0,8.0,1.8,2.8
ORD855,Marco's Pizza,"Milwaukee, WI",Medium,Margarita,Medium,4.5,20,False,0.0378,29.1,Low,Keep in normal delivery queue.,3.7786,60.0,45.0,100.0,30.0,70.0,2.0782,9.0,5.4,8.0,1.8,2.8
ORD904,Papa John's,"Omaha, NE",Medium,BBQ Chicken,Medium,5.0,18,False,0.0256,29.0,Low,Keep in normal delivery queue.,2.5585,60.0,50.0,100.0,30.0,70.0,1.4072,9.0,6.0,8.0,1.8,2.8
ORD1000,Marco's Pizza,"Milwaukee, WI",Medium,Margarita,Medium,4.5,20,False,0.0454,28.3,Low,Keep in normal delivery queue.,4.5411,60.0,45.0,100.0,30.0,40.0,2.4976,9.0,5.4,8.0,1.8,1.6
ORD036,Domino's,"Houston, TX",Large,Veg,Medium,4.5,18,False,0.0116,28.2,Low,Keep in normal delivery queue.,1.1565,60.0,45.0,100.0,60.0,40.0,0.6361,9.0,5.4,8.0,3.6,1.6
ORD998,Papa John's,"Omaha, NE",Medium,BBQ Chicken,Medium,5.0,18,False,0.0303,28.1,Low,Keep in normal delivery queue.,3.0275,60.0,50.0,100.0,30.0,40.0,1.6651,9.0,6.0,8.0,1.8,1.6
ORD092,Papa John's,"Denver, CO",Small,Vegan,High,2.0,20,False,0.006,27.9,Low,Keep in normal queue but watch traffic because conditions are high.,0.6021,100.0,20.0,100.0,10.0,40.0,0.3312,15.0,2.4,8.0,0.6,1.6
ORD980,Marco's Pizza,"Milwaukee, WI",Medium,Margarita,Medium,4.5,20,False,0.0366,27.8,Low,Keep in normal delivery queue.,3.6598,60.0,45.0,100.0,30.0,40.0,2.0129,9.0,5.4,8.0,1.8,1.6
ORD985,Marco's Pizza,"Milwaukee, WI",Medium,Margarita,Medium,4.5,20,False,0.0366,27.8,Low,Keep in normal delivery queue.,3.6598,60.0,45.0,100.0,30.0,40.0,2.0129,9.0,5.4,8.0,1.8,1.6
ORD972,Marco's Pizza,"Milwaukee, WI",Medium,Margarita,Medium,4.5,20,False,0.0366,27.8,Low,Keep in normal delivery queue.,3.6598,60.0,45.0,100.0,30.0,40.0,2.0129,9.0,5.4,8.0,1.8,1.6
ORD072,Papa John's,"Denver, CO",Small,Vegan,High,2.0,20,False,0.0039,27.8,Low,Keep in normal queue but watch traffic because conditions are high.,0.3948,100.0,20.0,100.0,10.0,40.0,0.2172,15.0,2.4,8.0,0.6,1.6
ORD914,Papa John's,"Omaha, NE",Medium,BBQ Chicken,Medium,5.0,18,False,0.0243,27.7,Low,Keep in normal delivery queue.,2.4264,60.0,50.0,100.0,30.0,40.0,1.3345,9.0,6.0,8.0,1.8,1.6
ORD782,Papa John's,"Omaha, NE",Medium,BBQ Chicken,Medium,5.0,18,False,0.0173,27.4,Low,Keep in normal delivery queue.,1.7339,60.0,50.0,100.0,30.0,40.0,0.9536,9.0,6.0,8.0,1.8,1.6
ORD802,Papa John's,"Omaha, NE",Medium,BBQ Chicken,Medium,5.0,18,False,0.0173,27.4,Low,Keep in normal delivery queue.,1.7339,60.0,50.0,100.0,30.0,40.0,0.9536,9.0,6.0,8.0,1.8,1.6
ORD815,Papa John's,"Omaha, NE",Medium,BBQ Chicken,Medium,5.0,18,False,0.0173,27.4,Low,Keep in normal delivery queue.,1.7339,60.0,50.0,100.0,30.0,40.0,0.9536,9.0,6.0,8.0,1.8,1.6
ORD748,Marco's Pizza,"Milwaukee, WI",Medium,Thai Chicken,Medium,4.5,20,False,0.027,27.3,Low,Keep in normal delivery queue.,2.7026,60.0,45.0,100.0,30.0,40.0,1.4864,9.0,5.4,8.0,1.8,1.6
ORD957,Marco's Pizza,"Milwaukee, WI",Medium,Margarita,Medium,4.5,20,False,0.0276,27.3,Low,Keep in normal delivery queue.,2.7571,60.0,45.0,100.0,30.0,40.0,1.5164,9.0,5.4,8.0,1.8,1.6
ORD850,Marco's Pizza,"Milwaukee, WI",Medium,Margarita,Medium,4.5,20,False,0.0238,27.1,Low,Keep in normal delivery queue.,2.3759,60.0,45.0,100.0,30.0,40.0,1.3067,9.0,5.4,8.0,1.8,1.6
ORD774,Papa John's,"Omaha, NE",Medium,BBQ Chicken,Medium,5.0,18,False,0.0129,27.1,Low,Keep in normal delivery queue.,1.2876,60.0,50.0,100.0,30.0,40.0,0.7082,9.0,6.0,8.0,1.8,1.6
ORD845,Marco's Pizza,"Milwaukee, WI",Medium,Margarita,Medium,4.5,20,False,0.0222,27.0,Low,Keep in normal delivery queue.,2.2159,60.0,45.0,100.0,30.0,40.0,1.2188,9.0,5.4,8.0,1.8,1.6
ORD893,Marco's Pizza,"Milwaukee, WI",Medium,Margarita,Medium,4.5,20,False,0.0194,26.9,Low,Keep in normal delivery queue.,1.9415,60.0,45.0,100.0,30.0,40.0,1.0678,9.0,5.4,8.0,1.8,1.6
ORD888,Marco's Pizza,"Milwaukee, WI",Medium,Margarita,Medium,4.5,20,False,0.0194,26.9,Low,Keep in normal delivery queue.,1.9415,60.0,45.0,100.0,30.0,40.0,1.0678,9.0,5.4,8.0,1.8,1.6
ORD776,Marco's Pizza,"Milwaukee, WI",Medium,Margarita,Medium,4.5,20,False,0.0156,26.7,Low,Keep in normal delivery queue.,1.5623,60.0,45.0,100.0,30.0,40.0,0.8593,9.0,5.4,8.0,1.8,1.6
ORD575,Marco's Pizza,"Phoenix, AZ",Medium,Non-Veg,Medium,4.0,18,False,0.0044,26.6,Low,Keep in normal delivery queue.,0.4396,60.0,40.0,100.0,30.0,70.0,0.2418,9.0,4.8,8.0,1.8,2.8
ORD685,Marco's Pizza,"Nashville, TN",Medium,Thai Chicken,Medium,4.0,19,False,0.0234,26.5,Low,Keep in normal delivery queue.,2.3446,60.0,40.0,100.0,30.0,40.0,1.2896,9.0,4.8,8.0,1.8,1.6
ORD710,Marco's Pizza,"Milwaukee, WI",Medium,Thai Chicken,Medium,4.5,18,False,0.0085,26.3,Low,Keep in normal delivery queue.,0.8499,60.0,45.0,100.0,30.0,40.0,0.4675,9.0,5.4,8.0,1.8,1.6
ORD720,Marco's Pizza,"Milwaukee, WI",Medium,Thai Chicken,Medium,4.5,18,False,0.0078,26.2,Low,Keep in normal delivery queue.,0.7763,60.0,45.0,100.0,30.0,40.0,0.4269,9.0,5.4,8.0,1.8,1.6
ORD650,Marco's Pizza,"Boston, MA",Medium,Thai Chicken,Medium,4.0,18,False,0.0172,26.1,Low,Keep in normal delivery queue.,1.7206,60.0,40.0,100.0,30.0,40.0,0.9463,9.0,4.8,8.0,1.8,1.6
ORD033,Little Caesars,"Atlanta, GA",Medium,Non-Veg,Medium,3.5,20,False,0.0037,26.0,Low,Keep in normal delivery queue.,0.3734,60.0,35.0,100.0,30.0,70.0,0.2054,9.0,4.2,8.0,1.8,2.8
ORD655,Marco's Pizza,"Las Vegas, NV",Medium,Vegan,Medium,4.0,20,False,0.022,25.8,Low,Keep in normal delivery queue.,2.201,60.0,40.0,100.0,20.0,40.0,1.2106,9.0,4.8,8.0,1.2,1.6
ORD144,Little Caesars,"San Francisco, CA",Medium,Non-Veg,Medium,4.0,18,False,0.0094,25.7,Low,Keep in normal delivery queue.,0.9447,60.0,40.0,100.0,30.0,40.0,0.5196,9.0,4.8,8.0,1.8,1.6
ORD660,Marco's Pizza,"Tucson, AZ",Medium,Non-Veg,Medium,4.0,18,False,0.0057,25.5,Low,Keep in normal delivery queue.,0.57,60.0,40.0,100.0,30.0,40.0,0.3135,9.0,4.8,8.0,1.8,1.6
ORD202,Papa John's,"Los Angeles, CA",Medium,Non-Veg,Medium,3.5,19,False,0.003,25.4,Low,Keep in normal delivery queue.,0.2962,60.0,35.0,100.0,40.0,40.0,0.1629,9.0,4.2,8.0,2.4,1.6
ORD381,Little Caesars,"San Francisco, CA",Medium,Non-Veg,Medium,4.0,18,False,0.0028,25.4,Low,Keep in normal delivery queue.,0.279,60.0,40.0,100.0,30.0,40.0,0.1534,9.0,4.8,8.0,1.8,1.6
ORD535,Marco's Pizza,"Norfolk, VA",Medium,Non-Veg,Medium,4.0,18,False,0.0032,25.4,Low,Keep in normal delivery queue.,0.3205,60.0,40.0,100.0,30.0,40.0,0.1763,9.0,4.8,8.0,1.8,1.6
ORD479,Marco's Pizza,"Denver, CO",Medium,Non-Veg,Medium,4.0,18,False,0.0029,25.4,Low,Keep in normal delivery queue.,0.2868,60.0,40.0,100.0,30.0,40.0,0.1577,9.0,4.8,8.0,1.8,1.6
ORD507,Marco's Pizza,"Honolulu, HI",Medium,Non-Veg,Medium,4.0,18,False,0.0021,25.3,Low,Keep in normal delivery queue.,0.21,60.0,40.0,100.0,30.0,40.0,0.1155,9.0,4.8,8.0,1.8,1.6
ORD423,Little Caesars,"Dallas, TX",Medium,Non-Veg,Medium,4.0,18,False,0.0014,25.3,Low,Keep in normal delivery queue.,0.1438,60.0,40.0,100.0,30.0,40.0,0.0791,9.0,4.8,8.0,1.8,1.6
ORD233,Marco's Pizza,"Phoenix, AZ",Medium,Non-Veg,High,3.0,13,False,0.0002,24.8,Low,Keep in normal queue but watch traffic because conditions are high.,0.0233,100.0,30.0,20.0,30.0,70.0,0.0128,15.0,3.6,1.6,1.8,2.8
ORD018,Little Caesars,"Dallas, TX",Medium,Non-Veg,Medium,3.5,20,False,0.0017,24.7,Low,Keep in normal delivery queue.,0.165,60.0,35.0,100.0,30.0,40.0,0.0908,9.0,4.2,8.0,1.8,1.6
ORD014,Pizza Hut,"Atlanta, GA",XL,Cheese Burst,Low,4.0,20,False,0.0018,24.7,Low,Keep in normal delivery queue.,0.1785,20.0,40.0,100.0,100.0,70.0,0.0982,3.0,4.8,8.0,6.0,2.8
ORD286,Little Caesars,"Dallas, TX",Medium,Non-Veg,Medium,3.0,18,False,0.0001,24.0,Low,Keep in normal delivery queue.,0.0087,60.0,30.0,100.0,30.0,40.0,0.0048,9.0,3.6,8.0,1.8,1.6
ORD644,Marco's Pizza,"Tampa, FL",Small,Thai Chicken,Medium,3.2,18,False,0.0051,23.6,Low,Keep in normal delivery queue.,0.5116,60.0,32.0,100.0,15.0,40.0,0.2814,9.0,3.84,8.0,0.9,1.6
ORD041,Domino's,"Denver, CO",Large,Veg,Low,4.0,19,False,0.0153,23.0,Low,Keep in normal delivery queue.,1.5349,20.0,40.0,100.0,60.0,70.0,0.8442,3.0,4.8,8.0,3.6,2.8
ORD027,Papa John's,"Denver, CO",Small,Vegan,Medium,2.0,19,False,0.0005,22.8,Low,Keep in normal delivery queue.,0.0498,60.0,20.0,100.0,10.0,70.0,0.0274,9.0,2.4,8.0,0.6,2.8
ORD974,Pizza Hut,"Atlanta, GA",Medium,Veg,Low,4.0,20,False,0.0297,21.4,Low,Keep in normal delivery queue.,2.9703,20.0,40.0,100.0,20.0,70.0,1.6336,3.0,4.8,8.0,1.2,2.8
ORD842,Pizza Hut,"Atlanta, GA",Medium,Veg,Low,4.0,20,False,0.0179,20.8,Low,Keep in normal delivery queue.,1.7934,20.0,40.0,100.0,20.0,70.0,0.9864,3.0,4.8,8.0,1.2,2.8
ORD890,Pizza Hut,"Atlanta, GA",Medium,Veg,Low,4.0,20,False,0.0157,20.7,Low,Keep in normal delivery queue.,1.5705,20.0,40.0,100.0,20.0,70.0,0.8638,3.0,4.8,8.0,1.2,2.8
ORD898,Pizza Hut,"Atlanta, GA",Medium,Veg,Low,4.0,20,False,0.0157,20.7,Low,Keep in normal delivery queue.,1.5705,20.0,40.0,100.0,20.0,70.0,0.8638,3.0,4.8,8.0,1.2,2.8
ORD103,Little Caesars,"Boston, MA",Medium,Non-Veg,Low,3.5,18,False,0.0016,19.9,Low,Keep in normal delivery queue.,0.1648,20.0,35.0,100.0,30.0,70.0,0.0906,3.0,4.2,8.0,1.8,2.8
ORD306,Little Caesars,"Dallas, TX",Medium,Non-Veg,Low,3.5,18,False,0.0004,19.8,Low,Keep in normal delivery queue.,0.0394,20.0,35.0,100.0,30.0,70.0,0.0217,3.0,4.2,8.0,1.8,2.8
ORD969,Pizza Hut,"Atlanta, GA",Medium,Veg,Low,4.0,20,False,0.0186,19.6,Low,Keep in normal delivery queue.,1.8618,20.0,40.0,100.0,20.0,40.0,1.024,3.0,4.8,8.0,1.2,1.6
ORD959,Pizza Hut,"Atlanta, GA",Medium,Veg,Low,4.0,20,False,0.014,19.4,Low,Keep in normal delivery queue.,1.3962,20.0,40.0,100.0,20.0,40.0,0.7679,3.0,4.8,8.0,1.2,1.6
ORD931,Pizza Hut,"Atlanta, GA",Medium,Veg,Low,4.0,20,False,0.0149,19.4,Low,Keep in normal delivery queue.,1.4886,20.0,40.0,100.0,20.0,40.0,0.8187,3.0,4.8,8.0,1.2,1.6
ORD964,Pizza Hut,"Atlanta, GA",Medium,Veg,Low,4.0,20,False,0.014,19.4,Low,Keep in normal delivery queue.,1.3962,20.0,40.0,100.0,20.0,40.0,0.7679,3.0,4.8,8.0,1.2,1.6
ORD913,Pizza Hut,"Atlanta, GA",Medium,Veg,Low,4.0,20,False,0.0149,19.4,Low,Keep in normal delivery queue.,1.4886,20.0,40.0,100.0,20.0,40.0,0.8187,3.0,4.8,8.0,1.2,1.6
ORD875,Pizza Hut,"Atlanta, GA",Medium,Veg,Low,4.0,20,False,0.012,19.3,Low,Keep in normal delivery queue.,1.2008,20.0,40.0,100.0,20.0,40.0,0.6604,3.0,4.8,8.0,1.2,1.6
ORD819,Pizza Hut,"Atlanta, GA",Medium,Veg,Low,4.0,20,False,0.0112,19.2,Low,Keep in normal delivery queue.,1.1191,20.0,40.0,100.0,20.0,40.0,0.6155,3.0,4.8,8.0,1.2,1.6
ORD786,Pizza Hut,"Atlanta, GA",Medium,Veg,Low,4.0,20,False,0.0106,19.2,Low,Keep in normal delivery queue.,1.0608,20.0,40.0,100.0,20.0,40.0,0.5835,3.0,4.8,8.0,1.2,1.6
ORD717,Pizza Hut,"Atlanta, GA",Medium,Veg,Low,4.0,20,False,0.0069,19.0,Low,Keep in normal delivery queue.,0.6878,20.0,40.0,100.0,20.0,40.0,0.3783,3.0,4.8,8.0,1.2,1.6
ORD758,Pizza Hut,"Atlanta, GA",Medium,Veg,Low,4.0,20,False,0.0079,19.0,Low,Keep in normal delivery queue.,0.7864,20.0,40.0,100.0,20.0,40.0,0.4325,3.0,4.8,8.0,1.2,1.6
ORD773,Pizza Hut,"Atlanta, GA",Medium,Veg,Low,4.0,20,False,0.0079,19.0,Low,Keep in normal delivery queue.,0.7864,20.0,40.0,100.0,20.0,40.0,0.4325,3.0,4.8,8.0,1.2,1.6
ORD158,Little Caesars,"Boston, MA",Medium,Non-Veg,Low,3.5,18,False,0.0018,18.7,Low,Keep in normal delivery queue.,0.1825,20.0,35.0,100.0,30.0,40.0,0.1004,3.0,4.2,8.0,1.8,1.6
ORD123,Little Caesars,"Boston, MA",Medium,Non-Veg,Low,3.5,18,False,0.001,18.7,Low,Keep in normal delivery queue.,0.0957,20.0,35.0,100.0,30.0,40.0,0.0527,3.0,4.2,8.0,1.8,1.6
ORD560,Papa John's,"San Jose, CA",Medium,Veg,Low,3.0,18,False,0.0023,18.7,Low,Keep in normal delivery queue.,0.2335,20.0,30.0,100.0,20.0,70.0,0.1284,3.0,3.6,8.0,1.2,2.8
ORD236,Little Caesars,"Boston, MA",Medium,Non-Veg,Low,3.5,18,False,0.0018,18.7,Low,Keep in normal delivery queue.,0.1825,20.0,35.0,100.0,30.0,40.0,0.1004,3.0,4.2,8.0,1.8,1.6
ORD215,Marco's Pizza,"Chicago, IL",Medium,Non-Veg,Medium,3.5,13,False,0.0,18.2,Low,Keep in normal delivery queue.,0.004,60.0,35.0,20.0,30.0,40.0,0.0022,9.0,4.2,1.6,1.8,1.6
ORD217,Papa John's,"Dallas, TX",Medium,Non-Veg,Low,3.0,20,False,0.0017,18.1,Low,Keep in normal delivery queue.,0.1734,20.0,30.0,100.0,30.0,40.0,0.0954,3.0,3.6,8.0,1.8,1.6
ORD120,Marco's Pizza,"Atlanta, GA",Medium,Non-Veg,Medium,3.0,13,False,0.0,17.6,Low,Keep in normal delivery queue.,0.0012,60.0,30.0,20.0,30.0,40.0,0.0007,9.0,3.6,1.6,1.8,1.6
ORD409,Domino's,"Detroit, MI",Medium,Veg,Low,3.0,18,False,0.002,17.5,Low,Keep in normal delivery queue.,0.1967,20.0,30.0,100.0,20.0,40.0,0.1082,3.0,3.6,8.0,1.2,1.6
ORD198,Little Caesars,"Houston, TX",Small,Vegan,Low,2.5,19,False,0.0014,17.5,Low,Keep in normal delivery queue.,0.1359,20.0,25.0,100.0,10.0,70.0,0.0748,3.0,3.0,8.0,0.6,2.8
ORD607,Papa John's,"San Antonio, TX",Medium,Veg,Low,3.0,18,False,0.0007,17.4,Low,Keep in normal delivery queue.,0.0673,20.0,30.0,100.0,20.0,40.0,0.037,3.0,3.6,8.0,1.2,1.6
ORD537,Papa John's,"Chandler, AZ",Medium,Veg,Low,3.0,18,False,0.0005,17.4,Low,Keep in normal delivery queue.,0.0536,20.0,30.0,100.0,20.0,40.0,0.0295,3.0,3.6,8.0,1.2,1.6
ORD489,Marco's Pizza,"Sacramento, CA",Medium,Veg,Low,3.0,18,False,0.0005,17.4,Low,Keep in normal delivery queue.,0.049,20.0,30.0,100.0,20.0,40.0,0.027,3.0,3.6,8.0,1.2,1.6
ORD129,Little Caesars,"Houston, TX",Small,Vegan,Low,2.5,18,False,0.001,17.2,Low,Keep in normal delivery queue.,0.0995,20.0,25.0,100.0,5.0,70.0,0.0548,3.0,3.0,8.0,0.3,2.8
ORD546,Pizza Hut,"Miami, FL",Small,Vegan,Low,2.5,18,False,0.0006,17.1,Low,Keep in normal delivery queue.,0.0645,20.0,25.0,100.0,5.0,70.0,0.0355,3.0,3.0,8.0,0.3,2.8
ORD533,Pizza Hut,"Jersey City, NJ",Small,Vegan,Low,2.0,18,False,0.0001,16.8,Low,Keep in normal delivery queue.,0.0134,20.0,20.0,100.0,10.0,70.0,0.0074,3.0,2.4,8.0,0.6,2.8
ORD505,Pizza Hut,"Aurora, CO",Small,Vegan,Low,2.0,18,False,0.0001,16.8,Low,Keep in normal delivery queue.,0.0134,20.0,20.0,100.0,10.0,70.0,0.0074,3.0,2.4,8.0,0.6,2.8
ORD477,Pizza Hut,"Indianapolis, IN",Small,Vegan,Low,2.0,18,False,0.0003,16.8,Low,Keep in normal delivery queue.,0.0261,20.0,20.0,100.0,10.0,70.0,0.0144,3.0,2.4,8.0,0.6,2.8
ORD259,Domino's,"Seattle, WA",Small,Vegan,Low,2.5,20,False,0.0057,16.2,Low,Keep in normal delivery queue.,0.5698,20.0,25.0,100.0,5.0,40.0,0.3134,3.0,3.0,8.0,0.3,1.6
ORD038,Little Caesars,"Atlanta, GA",Small,Vegan,Low,2.5,19,False,0.0006,16.2,Low,Keep in normal delivery queue.,0.0639,20.0,25.0,100.0,10.0,40.0,0.0352,3.0,3.0,8.0,0.6,1.6
ORD502,Marco's Pizza,"Cleveland, OH",Small,Vegan,Low,2.5,18,False,0.0005,15.9,Low,Keep in normal delivery queue.,0.0498,20.0,25.0,100.0,5.0,40.0,0.0274,3.0,3.0,8.0,0.3,1.6
ORD573,Pizza Hut,"Chicago, IL",Small,Vegan,Low,2.5,18,False,0.0003,15.9,Low,Keep in normal delivery queue.,0.0319,20.0,25.0,100.0,5.0,40.0,0.0176,3.0,3.0,8.0,0.3,1.6
ORD366,Little Caesars,"Houston, TX",Small,Vegan,Low,2.5,18,False,0.0001,15.9,Low,Keep in normal delivery queue.,0.0144,20.0,25.0,100.0,5.0,40.0,0.0079,3.0,3.0,8.0,0.3,1.6
ORD330,Little Caesars,"Baltimore, MD",Small,Vegan,Low,2.5,18,False,0.0002,15.9,Low,Keep in normal delivery queue.,0.0243,20.0,25.0,100.0,5.0,40.0,0.0134,3.0,3.0,8.0,0.3,1.6
ORD017,Papa John's,"Boston, MA",Small,Vegan,Low,2.0,18,False,0.0002,15.6,Low,Keep in normal delivery queue.,0.0201,20.0,20.0,100.0,10.0,40.0,0.011,3.0,2.4,8.0,0.6,1.6
ORD132,Papa John's,"Denver, CO",Small,Vegan,Low,2.0,18,False,0.0004,15.6,Low,Keep in normal delivery queue.,0.0368,20.0,20.0,100.0,10.0,40.0,0.0202,3.0,2.4,8.0,0.6,1.6
ORD263,Domino's,"Boston, MA",Small,Vegan,Low,2.0,18,False,0.0007,15.6,Low,Keep in normal delivery queue.,0.0653,20.0,20.0,100.0,10.0,40.0,0.0359,3.0,2.4,8.0,0.6,1.6
ORD395,Papa John's,"Denver, CO",Small,Vegan,Low,2.0,18,False,0.0001,15.6,Low,Keep in normal delivery queue.,0.0108,20.0,20.0,100.0,10.0,40.0,0.0059,3.0,2.4,8.0,0.6,1.6
ORD232,Little Caesars,"Houston, TX",Small,Vegan,Low,2.0,19,False,0.0003,15.6,Low,Keep in normal delivery queue.,0.0298,20.0,20.0,100.0,10.0,40.0,0.0164,3.0,2.4,8.0,0.6,1.6
ORD515,Pizza Hut,"Plano, TX",Small,Vegan,Low,2.0,18,False,0.0001,15.6,Low,Keep in normal delivery queue.,0.0083,20.0,20.0,100.0,10.0,40.0,0.0046,3.0,2.4,8.0,0.6,1.6
ORD282,Marco's Pizza,"Phoenix, AZ",Medium,Non-Veg,Low,3.5,13,False,0.0,12.2,Low,Keep in normal delivery queue.,0.0014,20.0,35.0,20.0,30.0,40.0,0.0008,3.0,4.2,1.6,1.8,1.6
ORD100,Marco's Pizza,"Atlanta, GA",Medium,Non-Veg,Low,3.5,13,False,0.0,12.2,Low,Keep in normal delivery queue.,0.0037,20.0,35.0,20.0,30.0,40.0,0.0021,3.0,4.2,1.6,1.8,1.6
ORD297,Marco's Pizza,"Seattle, WA",Medium,Non-Veg,Low,3.5,13,False,0.0,12.2,Low,Keep in normal delivery queue.,0.0013,20.0,35.0,20.0,30.0,40.0,0.0007,3.0,4.2,1.6,1.8,1.6
